{
    "os": "Linux-5.8.0-50-generic-x86_64-with-glibc2.10",
    "python": "3.8.5",
    "heartbeatAt": "2021-04-24T10:49:58.374573",
    "startedAt": "2021-04-24T10:49:47.680448",
    "docker": null,
    "gpu": "GeForce RTX 2060",
    "gpu_count": 1,
    "cpu_count": 12,
    "cuda": null,
    "args": [],
    "state": "running",
    "codePath": "adaptil/main.py",
    "program": "main.py",
    "git": {
        "remote": "https://github.com/macabdul9/robust-representation-learning.git",
        "commit": "265bc1ad889db3f36371b9de52e0bba93b0096b8"
    },
    "email": "abdulwaheed1513@gmail.com",
    "root": "/home/macab/research/robust-representation-learning",
    "host": "macab",
    "username": "macab",
    "executable": "/home/macab/miniconda3/envs/temp/bin/python"
}
